slug,name,team,pos,overall,height,height_in,weight_lbs,wingspan,wingspan_in,Outside Scoring,Inside Scoring,Playmaking,Athleticism,Defense,Rebounding,Intangibles,Close Shot,Free Throw,Mid-Range Shot,Offensive Consistency,Shot IQ,Three-Point Shot,Draw Foul,Driving Dunk,Hands,Layup,Post Control,Post Fade,Post Hook,Standing Dunk,Ball Handle,Pass Accuracy,Pass IQ,Pass Vision,Speed with Ball,Agility,Hustle,Overall Durability,Speed,Stamina,Strength,Vertical,Block,Defensive Consistency,Help Defense IQ,Interior Defense,Pass Perception,Perimeter Defense,Steal,Defensive Rebound,Offensive Rebound
joel-embiid,Joel Embiid,Philadelphia 76ers,C,91,"7'0""",84,280,"7'5""",89,86.0,91.0,68.0,68.0,70.0,76.0,60.0,94,85,91,95,70,79,97,80,90,89,95,96,96,85,57,74,82,71,57,59,65,63,60,70,96,60,73,80,83,86,64,68,36,90,62
lebron-james,LeBron James,Philadelphia 76ers,PF / SF,91,"6'9""",81,250,"7'0""",84,84.0,87.0,87.0,83.0,64.0,54.0,70.0,94,74,83,80,95,76,80,85,98,97,84,88,82,80,84,90,97,81,85,84,70,74,87,88,89,89,57,60,70,74,70,74,46,69,38
og-anunoby,OG Anunoby,New York Knicks,SF / PF,88,"6'7""",79,240,"7'2""",86,84.0,62.0,58.0,84.0,86.0,53.0,70.0,81,82,76,90,90,85,69,85,90,81,36,37,38,60,72,58,52,37,71,91,85,81,81,85,80,85,62,95,94,89,92,94,73,59,46
jalen-duren,Jalen Duren,Detroit Pistons,C,85,"6'10""",82,250,"7'5""",89,67.0,77.0,54.0,83.0,75.0,92.0,40.0,96,70,70,60,70,35,47,90,70,84,94,62,85,80,59,59,50,41,59,68,80,89,73,89,96,84,70,85,89,89,88,62,42,94,90
jimmy-butler,Jimmy Butler,Golden State Warriors,SF / PF,85,"6'6""",78,230,"6'8""",80,77.0,78.0,82.0,85.0,76.0,59.0,45.0,90,86,90,80,40,76,87,75,98,87,80,80,80,40,86,85,89,72,79,92,98,67,82,97,76,82,40,85,89,80,88,86,66,53,65
paul-george,Paul George,Boston Celtics,PF / SF,82,"6'8""",80,220,"6'11""",83,82.0,64.0,76.0,79.0,74.0,52.0,60.0,90,84,87,85,60,83,40,80,80,81,60,79,40,55,87,78,70,67,77,84,75,73,79,95,70,75,55,70,79,71,78,79,86,68,35
mitchell-robinson,Mitchell Robinson,Boston Celtics,C,80,"7'0""",84,240,"7'2""",86,56.0,65.0,44.0,74.0,74.0,93.0,45.0,90,41,68,35,70,32,41,80,80,64,50,52,65,85,40,70,54,31,25,65,85,72,48,80,92,76,88,80,87,83,65,49,66,87,98
ace-bailey,Ace Bailey,Utah Jazz,SG / SF,79,"6'9""",81,200,"7'1""",85,84.0,66.0,65.0,81.0,61.0,52.0,75.0,97,77,78,90,80,81,59,80,80,71,60,62,59,60,75,66,66,39,79,84,80,89,85,88,61,79,62,60,67,59,68,68,42,52,52
anfernee-simons,Anfernee Simons,Philadelphia 76ers,SG / PG,79,"6'3""",75,200,"6'9""",81,82.0,65.0,75.0,81.0,47.0,41.0,50.0,97,90,79,75,70,82,59,89,95,89,49,49,49,40,86,75,79,57,79,89,90,77,86,92,41,90,37,40,50,49,55,59,40,45,37
miles-mcbride,Miles McBride,New York Knicks,SG / PG,78,"6'2""",74,195,"6'9""",81,78.0,54.0,73.0,77.0,61.0,41.0,55.0,58,81,91,70,80,86,55,65,80,74,48,58,25,25,88,72,72,52,80,86,85,76,86,85,44,80,40,75,78,40,74,81,42,44,37
sam-hauser,Sam Hauser,Boston Celtics,SF / PF,76,"6'7""",79,217,"6'9""",81,83.0,56.0,48.0,72.0,48.0,51.0,60.0,94,89,79,75,75,87,55,60,95,61,45,45,44,40,43,50,60,34,55,62,88,82,61,85,66,62,52,45,52,48,44,55,38,60,41
sandro-mamukelashvili,Sandro Mamukelashvili,Los Angeles Lakers,PF / C,76,"6'9""",81,240,"7'1""",85,79.0,66.0,57.0,73.0,57.0,66.0,60.0,90,75,70,80,75,81,54,65,85,72,63,60,62,65,59,62,69,46,49,59,85,81,59,85,76,69,63,45,68,65,52,50,53,71,60
mike-conley,Mike Conley,Boston Celtics,PG,75,"6'1""",73,175,"6'6""",78,73.0,46.0,79.0,76.0,63.0,40.0,45.0,86,90,70,40,80,74,60,30,84,72,29,40,25,25,82,82,82,70,78,84,80,76,78,85,40,92,51,75,80,31,78,80,43,45,34
dorian-finney-smith,Dorian Finney-Smith,Atlanta Hawks,PF / SF,74,"6'7""",79,220,"7'0""",84,70.0,62.0,54.0,75.0,67.0,54.0,60.0,80,64,71,60,70,73,58,84,72,84,54,50,54,40,60,65,68,32,44,82,80,70,67,80,62,83,47,75,74,72,74,83,41,51,56
cody-williams,Cody Williams,Minnesota Timberwolves,PF / SF,73,"6'8""",80,190,"7'1""",85,73.0,63.0,66.0,80.0,61.0,47.0,60.0,97,70,80,55,65,70,40,80,95,78,53,57,53,50,82,63,63,41,79,86,75,88,85,90,63,75,56,55,70,68,60,73,43,47,46
jonathan-kuminga,Jonathan Kuminga,Minnesota Timberwolves,PF / SF,73,"6'7""",79,225,"6'11""",83,74.0,71.0,68.0,83.0,61.0,68.0,50.0,92,72,49,80,70,79,79,85,85,86,60,60,49,65,67,69,68,60,75,84,80,80,84,88,73,90,52,50,70,73,69,73,40,78,57
cameron-carr,Cameron Carr,Los Angeles Lakers,SG / SF,72,"6'5""",77,190,"7'1""",85,70.0,55.0,67.0,81.0,54.0,42.0,60.0,70,80,79,50,60,80,50,85,71,76,38,47,36,35,78,64,66,48,80,86,83,83,87,85,45,97,52,50,60,44,62,64,44,52,31
gary-harris,Gary Harris,Detroit Pistons,SG / SF,71,"6'4""",76,210,"6'7""",79,68.0,54.0,67.0,75.0,67.0,42.0,40.0,85,79,79,35,50,82,60,50,75,78,47,51,28,40,76,75,75,37,70,80,80,72,75,85,53,78,50,80,80,68,55,80,59,46,38
graham-ike,Graham Ike,Golden State Warriors (Two-Way Contract),PF / C,68,"6'9""",81,250,"7'5""",89,65.0,65.0,55.0,71.0,51.0,67.0,40.0,75,80,74,40,50,73,40,70,80,67,67,66,67,65,59,60,61,49,47,54,85,80,54,80,79,68,47,40,59,60,52,54,44,67,67
